ma,nhiem_vu,san_pham,dau_moi,phoi_hop,ky,han,tinh_trang,can_cu,quyet_dinh_can_xin,cap_xin_y_kien,lien_quan
KH01,Bổ sung văn bản pháp lý còn thiếu và liên kết nguồn chính thức,"Bộ văn bản, ma trận cập nhật",Ban PT&KD Sản phẩm mới,Ban Pháp chế,Quý IV/2026,,Chưa bắt đầu,Văn bản gắn nhãn CẦN XÁC MINH,,,
KH02,"Đối chiếu bản scan NĐ 272/2026, Luật Dầu khí 10/2026 và các luật sửa đổi Luật Điện lực",Biên bản đối chiếu,Ban Pháp chế,Ban PT&KD Sản phẩm mới,Quý IV/2026,,Chưa bắt đầu,RR14,,,
KH03,Xác định giai đoạn vận hành và điểm gom của dự án mục tiêu,Kết luận luồng thủ tục A hoặc B,Ban PT&KD Sản phẩm mới,Petrovietnam,Quý IV/2026,,Chưa bắt đầu,"Điều 11, 12 NQ 253/2025",Đề nghị hỏi ý kiến Bộ Công Thương,Petrovietnam,
KH04,Xác lập văn bản phân công nhiệm vụ khảo sát (khi có khu vực được giao),Văn bản phân công,Ban PT&KD Sản phẩm mới,Ban Pháp chế; Ban TC-KT,Quý IV/2026,,Chưa bắt đầu,Khoản 2 Điều 27 Luật Điện lực,Phân công nhiệm vụ khảo sát,Petrovietnam,
KH05,Chủ trương nội bộ về nghiên cứu ĐGNK,Văn bản chủ trương,Ban PT&KD Sản phẩm mới,Các ban,Quý IV/2026,,Chưa bắt đầu,TT-1.7,Phê duyệt chủ trương nghiên cứu,PVEP,
KH06,Xác nhận tư cách pháp lý theo Điều 30 NĐ 58/2025,Ý kiến pháp lý,Ban Pháp chế,Ban PT&KD Sản phẩm mới,Quý IV/2026,,Chưa bắt đầu,Khoản 1 Điều 30 NĐ 58/2025,Xác nhận vai trò doanh nghiệp thực hiện dự án,Petrovietnam,
KH07,Lập bản đồ GIS chồng lấn khu vực mục tiêu,Bản đồ GIS; danh sách điểm xin ý kiến,Ban PT&KD Sản phẩm mới,Ban Thăm dò,Quý IV/2026,,Chưa bắt đầu,Điểm e khoản 1 Điều 27 NĐ 58/2025,,,
KH08,Chuẩn bị lựa chọn đơn vị khảo sát,Tiêu chí đánh giá; kế hoạch lựa chọn nhà thầu,Ban PT&KD Sản phẩm mới,Ban Thương mại; Ban Kỹ thuật,Quý IV/2026,,Chưa bắt đầu,Khoản 1 Điều 27 NĐ 58/2025,Phê duyệt kế hoạch lựa chọn nhà thầu,PVEP,
KH09,Triển khai khảo sát theo đề án,Dữ liệu khảo sát,Đơn vị được phân công,Ban Kỹ thuật – An toàn,Năm 2027,,Chưa bắt đầu,Điều 27 NĐ 58/2025,,,
KH10,Lập Pre-FS và hồ sơ chủ trương đầu tư,Pre-FS; dự thảo hồ sơ,Ban PT&KD Sản phẩm mới,Ban TC-KT,Năm 2027,,Chưa bắt đầu,Điều 7 NĐ 272/2026,,,
KH11,"Mô hình kinh tế theo khung giá, cấu trúc vốn",Mô hình tài chính,Ban TC-KT,Ban PT&KD Sản phẩm mới,Năm 2027,,Chưa bắt đầu,Khoản 3 Điều 29 Luật Điện lực; Điều 8 NĐ 272/2026,,,
KH12,Sàng lọc và đàm phán đối tác,Danh sách ngắn; dự thảo thỏa thuận,Ban PT&KD Sản phẩm mới,Ban Pháp chế,Năm 2027,,Chưa bắt đầu,"Điều 28, 30 NĐ 58/2025",Phê duyệt danh sách đối tác,PVEP,
KH13,Xin hướng dẫn về chia sẻ dữ liệu khảo sát và dữ liệu dầu khí,Văn bản hướng dẫn,Ban Pháp chế,Ban PT&KD Sản phẩm mới,Năm 2027,,Chưa bắt đầu,Khoản 6 Điều 27 NĐ 58/2025,Hướng dẫn chia sẻ dữ liệu,Cơ quan nhà nước,
KH14,Rà soát cơ hội Mô hình 1 (từ 01/03/2027),Báo cáo đánh giá theo Điều 52,Ban Phát triển mỏ,Ban PT&KD Sản phẩm mới,Năm 2027,,Chưa bắt đầu,Điều 52 Luật Dầu khí 10/2026,Ý kiến Petrovietnam về điều kiện thu hồi chi phí,Petrovietnam,
