ma,ma_vb,dieu_khoan,noi_dung_quy_dinh,giai_doan,tac_dong_pvep,hanh_dong,loai,trang_thai_xac_minh
MT01,VB01,Điểm b khoản 5 Điều 20,Dự án ĐGNK: toàn bộ tua-bin ngoài vùng biển 06 hải lý,1,Xác định phạm vi áp dụng Mục 2 Chương III Luật,Đưa vào tiêu chí sàng lọc,Quy định đã rõ,ĐÃ XÁC MINH
MT02,VB01,Khoản 2 Điều 27,Thủ tướng giao DN 100% vốn NN khảo sát; Chính phủ quy định trường hợp khác,2,Doanh nghiệp không được giao khảo sát chỉ tham gia theo phân công của đơn vị được giao,Xin văn bản phân công của PVN,Quy định đã rõ,ĐÃ XÁC MINH
MT03,VB01,Khoản 3 Điều 27,Chi phí khảo sát của DN 100% vốn NN; quyền góp vốn hoặc hoàn trả,2,Ảnh hưởng phương án chi phí khảo sát,Thống nhất cơ chế chi phí với PVN,Quy định đã rõ,ĐÃ XÁC MINH
MT04,VB01,Khoản 1 Điều 28; khoản 2 Điều 29,DN 100% vốn NN lập hồ sơ chủ trương đồng thời chấp thuận nhà đầu tư,3,Cơ hội cho mô hình PVN đề xuất – PVEP thực hiện,Xác nhận tư cách pháp lý của doanh nghiệp thực hiện,Quy định đã rõ,ĐÃ XÁC MINH
MT05,VB01,Khoản 3 Điều 29,Trần giá đấu thầu không vượt khung giá; giá trúng thầu là giá tối đa đàm phán PPA,3; 5,Giới hạn doanh thu dự án,Lập kịch bản theo khung giá,Quy định đã rõ,ĐÃ XÁC MINH
MT06,VB01,Khoản 4 Điều 26,DN 100% vốn NN được miễn bảo đảm thực hiện dự án; xem xét cấp tín dụng vượt giới hạn,5,Có thể giảm chi phí bảo lãnh,Xin ý kiến về áp dụng cho SPV,Khoảng trống,CẦN XÁC MINH
MT07,VB01,Điều 25,"Chủ sở hữu tháo dỡ, chịu toàn bộ chi phí",6,Nghĩa vụ tài chính cuối vòng đời,"Lập phương án, dự phòng từ FS",Quy định đã rõ,ĐÃ XÁC MINH
MT08,VB02,Điều 25,"Ưu đãi: miễn tiền biển ≤ 03 năm XDCB, giảm 50% 12 năm; 80% sản lượng ≤ 15 năm; chủ trương trước 01/01/2031",5,Ảnh hưởng hiệu quả tài chính,Đưa vào mô hình kinh tế,Quy định đã rõ,ĐÃ XÁC MINH
MT09,VB02,Khoản 1 Điều 26 (sửa bởi khoản 18 Điều 2 NĐ 243),Điều kiện đơn vị khảo sát; nội dung đề án khảo sát,2,Điều kiện hồ sơ khảo sát,Lập bảng tự đánh giá,Quy định đã rõ,ĐÃ XÁC MINH
MT10,VB02,Khoản 6 Điều 27,Chia sẻ dữ liệu khảo sát cần ý kiến 5 bộ; không được bán dữ liệu,2; 3,Hạn chế chia sẻ với đối tác,Xin hướng dẫn chia sẻ nội bộ,Khoảng trống,CẦN XÁC MINH
MT11,VB02,Điều 28,Điều kiện nhà đầu tư trong nước và nước ngoài,3,Ràng buộc cấu trúc liên danh,Kiểm tra từng thành viên,Quy định đã rõ,ĐÃ XÁC MINH
MT12,VB02,Điểm b khoản 2 Điều 28,Nhà đầu tư trong nước: kinh nghiệm ít nhất 01 dự án năng lượng đã vận hành,3,Chưa rõ kinh nghiệm dầu khí có được tính,Xin ý kiến cơ quan thẩm định,Khoảng trống,CẦN Ý KIẾN CƠ QUAN CÓ THẨM QUYỀN
MT13,VB02,Điều 30,TTg chấp thuận chủ trương đồng thời nhà đầu tư khi DN 100% vốn NN tự thực hiện hoặc giao Cty TNHH MTV; liên doanh dự án đầu tiên > 50%,3,Mở đường cho vai trò PVEP,Xác nhận tư cách pháp lý của doanh nghiệp thực hiện,Khoảng trống,CẦN Ý KIẾN CƠ QUAN CÓ THẨM QUYỀN
MT14,VB02,Điều 32,Chuyển nhượng; quyền ưu tiên mua trước của DN 100% vốn NN,6,Quyền ưu tiên mua trước có lợi cho nhóm PVN,Đưa vào thỏa thuận liên danh,Quy định đã rõ,ĐÃ XÁC MINH
MT15,VB02,Khoản 2 Điều 8,Thời hạn tháo dỡ trên biển 05 năm (nhóm A trở lên) hoặc 03 năm,6,Kế hoạch tháo dỡ,Đưa vào FS,Quy định đã rõ,ĐÃ XÁC MINH
MT16,VB03,Khoản 29 Điều 2,Bãi bỏ khoản 6 Điều 29 NĐ 58 (BCT quyết định tổ chức đấu thầu),3,Chưa rõ cơ quan tổ chức đấu thầu,"Xin ý kiến BCT, BTC",Khoảng trống,CHƯA CÓ HƯỚNG DẪN CHI TIẾT
MT17,VB03,Khoản 7 Điều 3,Áp dụng định mức 20 ha/MW và 05 ha/MW đến khi BCT công bố định mức mới,2; 4,Giới hạn diện tích biển,Theo dõi công bố định mức,Quy định đã rõ,ĐÃ XÁC MINH
MT18,VB04,Điều 11,"Luồng 2025–2030: TTg chấp thuận chủ trương đồng thời nhà đầu tư, không đấu thầu",3,Cơ hội nếu dự án thuộc giai đoạn 2025–2030,Xác định giai đoạn vận hành,Quy định đã rõ,ĐÃ XÁC MINH
MT19,VB04,Điều 12,Luồng 2031–2035: Chủ tịch UBND tỉnh nơi có điểm gom chấp thuận chủ trương,3,Phụ thuộc điểm gom và kết quả khảo sát,Xác định điểm gom,Quy định đã rõ,ĐÃ XÁC MINH
MT20,VB05,Điều 5,Đơn vị khảo sát: vốn chủ sở hữu ≥ 01 tỷ đồng/MW,2,Yêu cầu tài chính khi đề nghị khảo sát,Chuẩn bị BCTC/cam kết công ty mẹ,Quy định đã rõ,CẦN XÁC MINH
MT21,VB05,Điều 8,"Doanh nghiệp lập hồ sơ chủ trương: VCSH ≥ 20% tổng vốn, có cam kết cho vay",3,Yêu cầu thu xếp vốn sớm,Làm việc với ngân hàng,Quy định đã rõ,CẦN XÁC MINH
MT22,VB05,Điều 9; khoản 2 Điều 13,Cơ chế tiếp nhận hồ sơ; mỗi dự án 01 đơn vị khảo sát; nộp trước xét trước,2; 3,Rủi ro mất quyền ưu tiên nếu nộp chậm,Theo dõi trạng thái khu vực biển,Quy định đã rõ,CẦN XÁC MINH
MT23,VB06,Điều 52,Công trình năng lượng ngoài khơi gắn dầu khí; chi phí được thu hồi,1,Chỉ áp dụng từ 01/03/2027; chưa có hướng dẫn,Chờ nghị định hướng dẫn,Khoảng trống,CHƯA CÓ HƯỚNG DẪN CHI TIẾT
MT24,VB11,Danh mục ĐGNK,"Quy mô, giai đoạn vận hành, điểm đấu nối từng dự án",1; 3,Quyết định luồng thủ tục,"Tải lại văn bản, đối chiếu",Khoảng trống,CẦN XÁC MINH
MT25,VB12,Khoản 3 Điều 2,"Không được chuyển nhượng, góp vốn, cho thuê quyền sử dụng khu vực biển được giao",2,Doanh nghiệp khác không nhận được quyền sử dụng khu vực biển từ đơn vị được giao,Thực hiện theo phân công,Quy định đã rõ,ĐÃ XÁC MINH
MT26,VB24,Toàn văn,Khung giá phát điện ĐGNK,5,Trần doanh thu,Thu thập văn bản,Khoảng trống,CẦN XÁC MINH
MT27,VB17,Quy định giao khu vực biển,"Thẩm quyền, trình tự giao biển thực hiện dự án",4,Thủ tục chưa rà soát,Bổ sung văn bản,Khoảng trống,CẦN XÁC MINH
MT28,VB25,Phân cấp đầu tư,"Thẩm quyền chủ trương, góp vốn, FID trong lĩnh vực ngoài dầu khí",1; 5,Xác định cấp phê duyệt,Xin quy chế từ ban chuyên môn quản lý quy chế,Khoảng trống,CẦN XÁC MINH
