ma,mo_ta,nhom,giai_doan,can_cu_ly_do,muc_tac_dong,kha_nang,muc_uu_tien,hanh_dong_xu_ly,don_vi_chiu_trach_nhiem,han_hoan_thanh,cap_xin_y_kien,trang_thai,ghi_chu_danh_gia
RR01,"Đơn vị được giao khu vực biển khảo sát và doanh nghiệp dự kiến thực hiện dự án là hai chủ thể khác nhau; quyền sử dụng khu vực biển không được chuyển nhượng, góp vốn",Pháp lý,2; 3,Khoản 2 Điều 27 Luật Điện lực; khoản 3 Điều 2 QĐ 138/QĐ-BNNMT (tiền lệ),Cao,Cần xác minh,Cao,Xác lập văn bản phân công giữa các bên trước khi khảo sát,Đầu mối: Ban PT&KD Sản phẩm mới; phối hợp: Các ban chuyên môn của PVEP,,Petrovietnam,Mới nhận diện,"Đánh giá sơ bộ, tổng quát"
RR02,"Giai đoạn vận hành dự kiến của dự án trong quy hoạch chưa xác định, dẫn tới chọn sai luồng thủ tục",Pháp lý,1; 3,"QĐ 768/QĐ-TTg chưa đối chiếu; Điều 11, 12 NQ 253/2025",Cao,Trung bình,Cao,Đối chiếu danh mục quy hoạch; hỏi Bộ Công Thương khi chưa rõ,Đầu mối: Ban PT&KD Sản phẩm mới; phối hợp: Các ban chuyên môn của PVEP,,Cơ quan nhà nước,Mới nhận diện,"Đánh giá sơ bộ, tổng quát"
RR03,Hết thời hạn giao khu vực biển khảo sát trước khi nộp hồ sơ chủ trương đầu tư,Quản trị,2; 3,Khoản 3 Điều 9 NĐ 272/2026,Cao,Trung bình,Cao,Lập tiến độ ngược từ mốc hết hạn; xác minh khả năng gia hạn,Đầu mối: Ban PT&KD Sản phẩm mới; phối hợp: Các ban chuyên môn của PVEP,,Petrovietnam,Mới nhận diện,"Đánh giá sơ bộ, tổng quát"
RR04,Chưa rõ cơ quan tổ chức đấu thầu lựa chọn nhà đầu tư ĐGNK sau khi bãi bỏ khoản 6 Điều 29 NĐ 58,Pháp lý,3,Khoản 29 Điều 2 NĐ 243/2026,Trung bình,Trung bình,Trung bình,"Xin ý kiến Bộ Công Thương, Bộ Tài chính",Đầu mối: Ban PT&KD Sản phẩm mới; phối hợp: Các ban chuyên môn của PVEP,,Cơ quan nhà nước,Mới nhận diện,"Đánh giá sơ bộ, tổng quát"
RR05,Điều kiện áp dụng Điều 30 NĐ 58 đối với công ty con của doanh nghiệp 100% vốn nhà nước chưa được xác nhận,Pháp lý,3,Khoản 1 Điều 30 NĐ 58/2025,Cao,Cần xác minh,Cao,Rà soát điều lệ; xin ý kiến cơ quan có thẩm quyền,Đầu mối: Ban PT&KD Sản phẩm mới; phối hợp: Các ban chuyên môn của PVEP,,Petrovietnam,Mới nhận diện,"Đánh giá sơ bộ, tổng quát"
RR06,Kinh nghiệm dầu khí có được tính là kinh nghiệm “dự án năng lượng” khi xét điều kiện nhà đầu tư,Pháp lý,3,Điểm b khoản 2 Điều 28 NĐ 58/2025,Trung bình,Cần xác minh,Trung bình,Xin ý kiến cơ quan thẩm định,Đầu mối: Ban PT&KD Sản phẩm mới; phối hợp: Các ban chuyên môn của PVEP,,Cơ quan nhà nước,Mới nhận diện,"Đánh giá sơ bộ, tổng quát"
RR07,Giá trần theo khung giá phát điện ĐGNK có thể không đủ hiệu quả đầu tư,Thương mại,5,Khoản 3 Điều 29 Luật Điện lực; khung giá chưa thu thập,Cao,Cần xác minh,Cao,Thu thập khung giá; phân tích độ nhạy,Đầu mối: Ban PT&KD Sản phẩm mới; phối hợp: Các ban chuyên môn của PVEP,,PVEP,Mới nhận diện,"Đánh giá sơ bộ, tổng quát"
RR08,Chia sẻ dữ liệu khảo sát cần ý kiến thống nhất của 5 bộ,Dữ liệu,2; 3,Khoản 6 Điều 27 NĐ 58/2025,Trung bình,Trung bình,Trung bình,Xin hướng dẫn trước khi ký thỏa thuận bảo mật với đối tác,Đầu mối: Ban PT&KD Sản phẩm mới; phối hợp: Các ban chuyên môn của PVEP,,Cơ quan nhà nước,Mới nhận diện,"Đánh giá sơ bộ, tổng quát"
RR09,Quyền sử dụng dữ liệu địa chất – địa vật lý dầu khí cho mục đích ĐGNK,Dữ liệu,1; 2,Pháp luật dầu khí; hợp đồng dầu khí (CẦN XÁC MINH),Trung bình,Cần xác minh,Trung bình,Xin ý kiến Petrovietnam,Đầu mối: Ban PT&KD Sản phẩm mới; phối hợp: Các ban chuyên môn của PVEP,,Petrovietnam,Mới nhận diện,"Đánh giá sơ bộ, tổng quát"
RR10,Yêu cầu vốn chủ sở hữu tối thiểu 20% và cam kết tín dụng cho dự án quy mô lớn,Tài chính,3; 5,Điểm a khoản 1 Điều 8 NĐ 272/2026,Cao,Trung bình,Cao,Xây dựng phương án vốn sớm,Đầu mối: Ban PT&KD Sản phẩm mới; phối hợp: Các ban chuyên môn của PVEP,,Petrovietnam,Mới nhận diện,"Đánh giá sơ bộ, tổng quát"
RR11,Điều 52 Luật Dầu khí chưa có hiệu lực (01/03/2027) và chưa có hướng dẫn thu hồi chi phí,Pháp lý,1,"Khoản 3 Điều 52, khoản 1 Điều 61 Luật Dầu khí 10/2026",Trung bình,Cao,Trung bình,Chỉ nghiên cứu; chờ văn bản hướng dẫn,Đầu mối: Ban PT&KD Sản phẩm mới; phối hợp: Các ban chuyên môn của PVEP,,Cơ quan nhà nước,Mới nhận diện,"Đánh giá sơ bộ, tổng quát"
RR12,Lưới truyền tải và điểm gom chưa đồng bộ với tiến độ dự án,Kỹ thuật,4; 6,Khoản 3 Điều 12 NQ 253/2025,Cao,Cần xác minh,Cao,"Làm việc với Bộ Công Thương, đơn vị truyền tải",Đầu mối: Ban PT&KD Sản phẩm mới; phối hợp: Các ban chuyên môn của PVEP,,Cơ quan nhà nước,Mới nhận diện,"Đánh giá sơ bộ, tổng quát"
RR13,Dữ liệu sinh thái biển chưa đủ mùa cho hồ sơ môi trường,Kỹ thuật,2; 4,Điểm d khoản 1 Điều 27 NĐ 58/2025; Luật BVMT (CẦN XÁC MINH),Trung bình,Trung bình,Trung bình,Đưa khảo sát sinh thái theo mùa vào đề án khảo sát,Đầu mối: Ban PT&KD Sản phẩm mới; phối hợp: Các ban chuyên môn của PVEP,,PVEP,Mới nhận diện,"Đánh giá sơ bộ, tổng quát"
RR14,Nội dung NĐ 272/2026 và Luật Dầu khí 10/2026 trích từ bản scan chưa đối chiếu Công báo; Luật Điện lực đã được sửa đổi năm 2025,Quản trị,Tất cả,Bản scan; VBHN 07/VBHN-VPQH (nguồn thứ cấp),Trung bình,Cao,Trung bình,"Đối chiếu bản Công báo, cập nhật dữ liệu",Đầu mối: Ban PT&KD Sản phẩm mới; phối hợp: Các ban chuyên môn của PVEP,,PVEP,Mới nhận diện,"Đánh giá sơ bộ, tổng quát"
