ma,ten,nhanh,giai_doan_10,nhom_thu_tuc,luong,pham_vi,bieu_tuong,muc_tieu,dieu_kien_dau_vao,ho_so_du_lieu,co_quan_chu_tri,co_quan_phoi_hop,ket_qua_dau_ra,can_cu_phap_ly,ma_van_ban,nhan_xac_minh,muc_rui_ro,thoi_diem,trang_thai_thuc_hien,uu_tien,dieu_kien_tien_quyet,song_song_voi,don_vi_dau_moi_pvep,don_vi_phoi_hop_pvep,rui_ro_luu_y,buoc_ke_tiep,can_xin_y_kien,cap_xin_y_kien,ngay_cap_nhat,nguon_kiem_chung
TT-1.1,"Rà soát quy hoạch điện, danh mục và giai đoạn vận hành dự kiến",1,1,Quy hoạch,,,quy_hoach,Xác định khu vực có trong quy hoạch và luồng thủ tục áp dụng (2025–2030 hoặc 2031–2035),Chủ trương nghiên cứu nội bộ,QHĐ VIII điều chỉnh; kế hoạch thực hiện; quy hoạch tỉnh; danh mục dự án,PVEP (nội bộ),Bộ Công Thương (xác nhận khi cần),Ma trận quy hoạch; xác định luồng A/B,"QĐ 768/QĐ-TTg (CẦN XÁC MINH); điểm a khoản 1 Điều 26 NĐ 58/2025 (sửa bởi khoản 18 Điều 2 NĐ 243/2026); Điều 11, 12 NQ 253/2025",VB11;VB02;VB03;VB04,CẦN XÁC MINH,Trung bình,Hiện tại,Chưa bắt đầu,Cao,,TT-1.3;TT-1.4,Ban PT&KD Sản phẩm mới,Ban Kế hoạch; Ban Pháp chế,Xác định sai giai đoạn vận hành dẫn tới nộp hồ sơ sai cơ quan,TT-1.2; TT-3.1,Có,Cơ quan nhà nước,2026-10-05,Bản lưu trong Dự án PVEP – cần bổ sung liên kết chính thức
TT-1.2,Xác định điểm gom công suất,1,1,Quy hoạch,,,dau_noi,Xác định vị trí trạm gom và UBND tỉnh có thẩm quyền (luồng 2031–2035),Kết quả TT-1.1,Quy hoạch điện; đề xuất của UBND tỉnh (nếu có),"Theo quy hoạch; hoặc UBND tỉnh đề xuất, Bộ Công Thương thống nhất",UBND tỉnh có biển,Điểm gom công suất được xác định,Khoản 2 Điều 3; khoản 3 Điều 12 NQ 253/2025,VB04,ĐÃ XÁC MINH,Trung bình,Hiện tại,Chưa bắt đầu,Trung bình,TT-1.1,TT-1.3,Ban PT&KD Sản phẩm mới,Ban Kỹ thuật,Điểm gom chưa có trong quy hoạch thì phụ thuộc đề xuất của tỉnh,TT-3.3; TT-4.5,Không,,2026-10-05,Bản lưu trong Dự án PVEP – cần bổ sung liên kết chính thức
TT-1.3,Rà soát chồng lấn không gian biển,1,1,"Biển, khảo sát",,,ban_do,"Nhận diện chồng lấn với quốc phòng – an ninh, hàng hải, dầu khí, thủy sản, bảo tồn, cáp ngầm, đường ống",Ranh giới khu vực dự kiến,"Dữ liệu lô/mỏ dầu khí, đường ống, cáp, luồng hàng hải, khu bảo tồn, ngư trường",PVEP (nội bộ),PVN; BQP; Bộ Xây dựng; Bộ NN&MT; UBND tỉnh,Bản đồ GIS chồng lấn; danh sách điểm cần xin ý kiến,Điểm e khoản 1 Điều 27 NĐ 58/2025; điểm a khoản 2 Điều 11 NQ 253/2025; khoản 6 Điều 2 QĐ 138/QĐ-BNNMT; Quy hoạch không gian biển quốc gia (CẦN XÁC MINH),VB02;VB04;VB12,CẦN XÁC MINH,Cao,Hiện tại,Chưa bắt đầu,Cao,,TT-1.1;TT-1.4,Ban PT&KD Sản phẩm mới,Ban Thăm dò; Ban Phát triển mỏ,Chồng lấn lô dầu khí hoặc khu vực quốc phòng có thể làm dừng dự án,TT-2.3,Có,Petrovietnam,2026-10-05,Bản lưu trong Dự án PVEP – cần bổ sung liên kết chính thức
TT-1.4,Đánh giá sơ bộ kỹ thuật – kinh tế,1,2,"Kỹ thuật, kinh tế",,,khao_sat,"Đánh giá nguồn gió, độ sâu nước, địa chất, hải văn, khoảng cách đấu nối, chuỗi cung ứng, kinh tế dự án","Kết quả TT-1.1, TT-1.3","Dữ liệu tái phân tích gió, metocean, dữ liệu địa chất sẵn có",PVEP (nội bộ),Tư vấn kỹ thuật,Báo cáo sàng lọc kỹ thuật – kinh tế,Nghiệp vụ nội bộ; tiêu chuẩn quốc tế chỉ để tham khảo (IEC 61400-3-1),VB26,NGHIỆP VỤ NỘI BỘ,Thấp,Hiện tại,Chưa bắt đầu,Trung bình,,TT-1.1;TT-1.3,Ban PT&KD Sản phẩm mới,Ban TC-KT; Ban Kỹ thuật,Không dùng số liệu giả định khi chưa có dữ liệu nguồn,Cổng G1,Không,,2026-10-05,Bản lưu trong Dự án PVEP – cần bổ sung liên kết chính thức
TT-1.5,Phân loại mô hình dự án,1,1,Quản trị nội bộ,,,phap_ly,Phân biệt dự án ĐGNK độc lập và công trình năng lượng gắn hoạt động dầu khí,Kết quả TT-1.3,"Thông tin hợp đồng dầu khí, diện tích phát triển mỏ (nếu Mô hình 1)",PVEP (nội bộ),PVN (đối với Mô hình 1),Xác định hệ thống pháp luật áp dụng,Khoản 2–4 Điều 52 Luật Dầu khí 10/2026 (hiệu lực 01/03/2027); điểm b khoản 5 Điều 20 Luật Điện lực,VB06;VB01;VB07,ĐÃ XÁC MINH,Trung bình,Hiện tại,Chưa bắt đầu,Trung bình,TT-1.3,TT-1.4,Ban PT&KD Sản phẩm mới,Ban Phát triển mỏ,Không áp dụng cơ chế thu hồi chi phí dầu khí cho dự án độc lập,TT-1.6,Không,,2026-10-05,Bản lưu trong Dự án PVEP – cần bổ sung liên kết chính thức
TT-1.6,Xác định mô hình tham gia của PVEP,1,1,"Đầu tư, đấu thầu",,,von,"Chọn mô hình: thực hiện theo phân công PVN, liên danh/SPV, M&A hoặc hợp tác đối tác",Kết quả TT-1.5,Điều lệ PVEP; quy chế phân cấp; danh sách đối tác,PVEP; Petrovietnam,Ban Pháp chế,Đề xuất mô hình tham gia trình Lãnh đạo,"Điều 28, 30, 32 NĐ 58/2025; Điều 8 NĐ 272/2026; quy chế nội bộ (CẦN XÁC MINH)",VB02;VB05;VB25,CẦN Ý KIẾN CƠ QUAN CÓ THẨM QUYỀN,Cao,Hiện tại,Chưa bắt đầu,Cao,TT-1.5,,Ban PT&KD Sản phẩm mới,Ban Pháp chế; Ban TC-KT,Điều kiện áp dụng điểm b khoản 1 Điều 30 NĐ 58 đối với công ty con của doanh nghiệp 100% vốn nhà nước cần xác nhận,TT-1.7,Có,Petrovietnam,2026-10-05,Bản lưu trong Dự án PVEP – cần bổ sung liên kết chính thức
TT-1.7,Chủ trương nghiên cứu nội bộ PVEP và xin ý kiến Petrovietnam,1,1,Quản trị nội bộ,,,phap_ly,"Có văn bản nội bộ cho phép nghiên cứu, làm việc với cơ quan nhà nước, đối tác và thuê tư vấn",Kết quả TT-1.1 đến TT-1.6,Tờ trình; báo cáo sàng lọc; ma trận pháp lý; bản đồ chồng lấn,Lãnh đạo PVEP; Petrovietnam theo phân cấp (CẦN XÁC MINH),,Văn bản chủ trương nội bộ,"Quy chế phân cấp đầu tư Petrovietnam/PVEP (CẦN XÁC MINH). Đây là phê duyệt nội bộ, không phải thủ tục nhà nước",VB25,CẦN XÁC MINH,Trung bình,Hiện tại,Chưa bắt đầu,Cao,TT-1.1;TT-1.3;TT-1.4;TT-1.6,,Ban PT&KD Sản phẩm mới,Ban Pháp chế; Ban Kế hoạch,Phê duyệt nội bộ không thay thế thủ tục nhà nước nào,Cổng G1; TT-2.1,Có,PVEP,2026-10-05,Bản lưu trong Dự án PVEP – cần bổ sung liên kết chính thức
TT-2.1,Xác định chủ thể khảo sát và văn bản phân công,2,3,"Biển, khảo sát",,,phap_ly,"Làm rõ ai đứng tên khảo sát, vai trò PVEP, nguồn vốn, quyền dữ liệu",Quyết định giao khu vực biển (nếu đã có),Quyết định giao khu vực biển; dự thảo văn bản phân công,Petrovietnam,Bộ NN&MT,Văn bản phân công/ủy quyền của PVN,Khoản 2 Điều 27 Luật Điện lực; khoản 3 Điều 2 QĐ 138/QĐ-BNNMT (tiền lệ),VB01;VB12,CẦN Ý KIẾN CƠ QUAN CÓ THẨM QUYỀN,Cao,Hiện tại,Chưa bắt đầu,Cao,TT-1.7,TT-2.2,Ban PT&KD Sản phẩm mới,Ban Pháp chế; Ban TC-KT,"Quyền sử dụng khu vực biển được giao không được chuyển nhượng, góp vốn, cho thuê",TT-2.4,Có,Petrovietnam,2026-10-05,Bản lưu trong Dự án PVEP – cần bổ sung liên kết chính thức
TT-2.2,Kiểm tra điều kiện đơn vị khảo sát,2,3,"Biển, khảo sát",,,von,"Đối chiếu điều kiện năng lực, tài chính, cam kết của đơn vị khảo sát",Kết quả TT-2.1,BCTC kiểm toán 02 năm hoặc cam kết hỗ trợ của công ty mẹ; cam kết nội địa; cam kết không hoàn trả kinh phí,Bộ NN&MT,BQP; BCA; BCT; BNG (ý kiến thống nhất),Bảng tự đánh giá điều kiện,"Khoản 1 Điều 26 NĐ 58/2025 (sửa bởi khoản 18 Điều 2 NĐ 243/2026); khoản 2, 3 Điều 5 NĐ 272/2026",VB02;VB03;VB05,ĐÃ XÁC MINH,Trung bình,Hiện tại,Chưa bắt đầu,Trung bình,,TT-2.1,Ban PT&KD Sản phẩm mới,Ban TC-KT,Vốn chủ sở hữu tối thiểu 01 tỷ đồng/MW đề nghị khảo sát,TT-2.3,Không,,2026-10-05,Bản lưu trong Dự án PVEP – cần bổ sung liên kết chính thức
TT-2.3,Hồ sơ đề nghị giao khu vực biển để khảo sát,2,3,"Biển, khảo sát",,,ban_do,Được giao khu vực biển để khảo sát (khu vực chưa có đơn vị khảo sát),Đạt điều kiện TT-2.2; khu vực chưa giao cho đơn vị khác,"Đơn, đề án khảo sát, tài liệu năng lực tài chính, bản đồ khu vực",Bộ NN&MT,BQP; BCA; BCT; BNG; UBND tỉnh,Quyết định giao khu vực biển để khảo sát,"Khoản 2 Điều 26 NĐ 58/2025; khoản 4 Điều 5, khoản 2 Điều 9, khoản 2–3 Điều 13 NĐ 272/2026; NĐ 11/2021/NĐ-CP (CẦN XÁC MINH trình tự, thời hạn)",VB02;VB05;VB19;VB23,CẦN XÁC MINH,Cao,Hiện tại,Chưa bắt đầu,Cao,TT-2.1;TT-2.2,TT-2.4,Ban PT&KD Sản phẩm mới,Ban Pháp chế; Ban TC-KT,Mỗi dự án chỉ giao 01 đơn vị; hồ sơ nộp trước xét trước; luồng 2025–2030 chỉ nhận sau khi TTg chấp thuận chủ trương,TT-2.4,Có,Cơ quan nhà nước,2026-10-05,Bản lưu trong Dự án PVEP – cần bổ sung liên kết chính thức
TT-2.4,Lập phương án khảo sát và danh mục dữ liệu,2,3,"Biển, khảo sát",,,khao_sat,"Xác định khối lượng khảo sát gió, địa hình, địa chất, hải dương, sinh thái, hàng hải, ảnh hưởng dầu khí",Kết quả TT-2.1,Đề án khảo sát (nội dung theo điểm a khoản 1 Điều 26 NĐ 58 sửa đổi); kế hoạch lựa chọn nhà thầu khảo sát,Đơn vị khảo sát,Tư vấn,Đề án và kế hoạch khảo sát được phê duyệt,Khoản 1 Điều 27 NĐ 58/2025; khoản 18 Điều 2 NĐ 243/2026; điểm a khoản 6 Điều 26 Luật Điện lực,VB02;VB03;VB01;VB26,ĐÃ XÁC MINH,Trung bình,Hiện tại,Chưa bắt đầu,Cao,TT-2.1,TT-2.3;TT-2.8,Ban PT&KD Sản phẩm mới,Ban Kỹ thuật – An toàn; Ban Thương mại,Đề án khảo sát phải phù hợp quyết định giao khu vực biển,TT-2.5,Không,,2026-10-05,Bản lưu trong Dự án PVEP – cần bổ sung liên kết chính thức
TT-2.5,"Yêu cầu an toàn, quốc phòng – an ninh, môi trường, hàng hải khi khảo sát",2,3,"Hàng hải, quốc phòng – an ninh",,,an_toan,Bảo đảm điều kiện triển khai khảo sát trên biển,Quyết định giao khu vực biển,"Phương án QP-AN, an toàn hàng hải, HSE, ứng phó sự cố, bảo mật dữ liệu",Đơn vị khảo sát,"Quân khu, Hải quân, Cảnh sát biển, Biên phòng, Cảng vụ, UBND tỉnh",Thông báo và phối hợp trước khi khảo sát,"Khoản 1, 2 Điều 26 Luật Điện lực; khoản 4, 6–10 Điều 2 QĐ 138/QĐ-BNNMT (tiền lệ)",VB01;VB12,ĐÃ XÁC MINH,Trung bình,Hiện tại,Chưa bắt đầu,Trung bình,TT-2.4,,Ban Kỹ thuật – An toàn,Ban PT&KD Sản phẩm mới,"Phương tiện, thiết bị khảo sát phải được kiểm định, lưu hành hợp pháp",TT-2.6,Không,,2026-10-05,Bản lưu trong Dự án PVEP – cần bổ sung liên kết chính thức
TT-2.6,Thẩm tra và giao nộp kết quả khảo sát,2,3,"Biển, khảo sát",,,khao_sat,"Hoàn thiện, thẩm tra, nộp kết quả khảo sát",Kết thúc khảo sát hiện trường,"01 bộ hồ sơ giấy, 01 bộ điện tử; dữ liệu nguyên thủy",Bộ Công Thương; Bộ NN&MT,Tổ chức thẩm tra,Báo cáo kết quả khảo sát đã thẩm tra,"Khoản 2, 3 Điều 27 NĐ 58/2025; điểm a khoản 4 Điều 27 Luật Điện lực",VB02;VB01,ĐÃ XÁC MINH,Thấp,Chưa đến thời điểm,Chưa bắt đầu,Trung bình,TT-2.5,TT-2.8,Ban PT&KD Sản phẩm mới,Ban Kỹ thuật,Thời hạn 60 ngày kể từ khi kết thúc khảo sát,TT-3.2; TT-3.3,Không,,2026-10-05,Bản lưu trong Dự án PVEP – cần bổ sung liên kết chính thức
TT-2.7,"Chia sẻ, sử dụng dữ liệu khảo sát",2,3,Dữ liệu,,,du_lieu,Chia sẻ dữ liệu cho nhà đầu tư/đối tác đúng quy định,Báo cáo kết quả đã nộp,Cam kết bảo mật; biên bản bàn giao,Đơn vị khảo sát,BQP; BCA; BNG; BCT; Bộ NN&MT (ý kiến thống nhất),Văn bản chấp thuận chia sẻ,Khoản 6 Điều 27 NĐ 58/2025; điểm b khoản 4 Điều 27 Luật Điện lực,VB02;VB01,CẦN XÁC MINH,Trung bình,Chưa đến thời điểm,Chưa bắt đầu,Trung bình,TT-2.6,,Ban PT&KD Sản phẩm mới,Ban Pháp chế; Ban CNTT,Không được bán dữ liệu; cần làm rõ chia sẻ nội bộ PVN – PVEP,TT-3.6,Có,Cơ quan nhà nước,2026-10-05,Bản lưu trong Dự án PVEP – cần bổ sung liên kết chính thức
TT-2.8,Xử lý chi phí khảo sát và hoàn trả,2,3,Tài chính,,,von,Xác định nguồn và cơ chế hoàn trả chi phí khảo sát,Văn bản phân công TT-2.1,Dự toán; kết quả kiểm toán chi phí,Doanh nghiệp khảo sát,Nhà đầu tư được lựa chọn,Phương án chi phí được duyệt,Khoản 3 Điều 27 Luật Điện lực; Điều 10 NQ 253/2025; Điều 6 NĐ 272/2026,VB01;VB04;VB05,ĐÃ XÁC MINH,Trung bình,Hiện tại,Chưa bắt đầu,Trung bình,TT-2.1,TT-2.4,Ban TC-KT,Ban PT&KD Sản phẩm mới,Chi phí phải được kiểm toán trước khi hoàn trả,Cổng G2,Không,,2026-10-05,Bản lưu trong Dự án PVEP – cần bổ sung liên kết chính thức
TT-3.1,Xác định cơ chế lựa chọn/chấp thuận nhà đầu tư,3,2,"Đầu tư, đấu thầu",Chung,,phap_ly,"Xác định dự án thuộc luồng A, luồng B, chấp thuận đối với DN 100% vốn nhà nước hay đấu thầu",Kết quả TT-1.1,Trích quy hoạch; văn bản xác nhận giai đoạn vận hành,PVEP,Bộ Công Thương; Bộ Tài chính,Kết luận luồng thủ tục,"Điều 11, 12 NQ 253/2025; Điều 9, 10 NĐ 272/2026; Điều 28, 29 Luật Điện lực",VB04;VB05;VB01,CẦN XÁC MINH,Cao,Hiện tại,Chưa bắt đầu,Cao,TT-1.1,TT-3.6,Ban PT&KD Sản phẩm mới,Ban Pháp chế,Phụ thuộc giai đoạn vận hành trong QHĐ VIII (chưa đối chiếu),TT-3.2; TT-3.3,Có,Cơ quan nhà nước,2026-10-05,Bản lưu trong Dự án PVEP – cần bổ sung liên kết chính thức
TT-3.2,Luồng A: Thủ tướng chấp thuận chủ trương đồng thời chấp thuận nhà đầu tư,3,5,"Đầu tư, đấu thầu",A,,nha_dau_tu,Được chấp thuận chủ trương và nhà đầu tư không qua đấu thầu (dự án vận hành 2025–2030),Đáp ứng điều kiện khoản 2 Điều 11 NQ 253,"Hồ sơ theo pháp luật đầu tư; Pre-FS; vị trí, diện tích biển; số liệu gió, địa chất, hải văn; phương án cảng; sơ bộ đấu nối; mốc tiến độ","Thủ tướng Chính phủ; Bộ Tài chính tiếp nhận, thẩm định",Các bộ liên quan,Quyết định chấp thuận chủ trương đồng thời nhà đầu tư,"Khoản 2–4 Điều 11 NQ 253/2025; khoản 1 Điều 7, Điều 8, khoản 1, 3, 5, 7 Điều 9 NĐ 272/2026",VB04;VB05,ĐÃ XÁC MINH,Cao,Chưa đến thời điểm,Chưa bắt đầu,Cao,TT-3.1;TT-3.6,,Ban PT&KD Sản phẩm mới,Ban Pháp chế; Ban TC-KT,Đơn vị khảo sát nộp trong thời hạn giao biển; hồ sơ trùng tên nộp sau bị trả lại,Cổng G3,Không,,2026-10-05,Bản lưu trong Dự án PVEP – cần bổ sung liên kết chính thức
TT-3.3,"Luồng B: UBND tỉnh chấp thuận chủ trương, sau đó lựa chọn nhà đầu tư",3,5,"Đầu tư, đấu thầu",B,,nha_dau_tu,Chấp thuận chủ trương đối với dự án vận hành 2031–2035,Đã có kết quả khảo sát hiện trường,Hồ sơ có số liệu thực tế hiện trường (khoản 4 Điều 7 NĐ 272),Chủ tịch UBND tỉnh nơi có điểm gom,BQP; BCA; BNG; BCT; BTC; BXD; Bộ NN&MT,"Chấp thuận chủ trương; lựa chọn nhà đầu tư theo pháp luật đầu tư, đấu thầu, điện lực","Khoản 1–4 Điều 12 NQ 253/2025; khoản 4 Điều 7, Điều 10 NĐ 272/2026",VB04;VB05,ĐÃ XÁC MINH,Trung bình,Chưa đến thời điểm,Chưa bắt đầu,Trung bình,TT-3.1;TT-2.6,,Ban PT&KD Sản phẩm mới,Ban Pháp chế; Ban TC-KT,UBND tỉnh chỉ nhận hồ sơ khi đã có kết quả khảo sát hiện trường,TT-3.5,Không,,2026-10-05,Bản lưu trong Dự án PVEP – cần bổ sung liên kết chính thức
TT-3.4,Đề xuất dự án của doanh nghiệp 100% vốn nhà nước cho Công ty TNHH MTV thực hiện,3,5,"Đầu tư, đấu thầu",Chung,,nha_dau_tu,Xác lập vai trò PVEP là đơn vị thực hiện dự án do PVN đề xuất,Văn bản chủ trương của PVN,Điều lệ PVEP; hồ sơ đề xuất,Thủ tướng Chính phủ,Petrovietnam,Chấp thuận chủ trương đồng thời nhà đầu tư,"Điểm a khoản 1 Điều 28, khoản 2 Điều 29 Luật Điện lực; khoản 1, 2 Điều 30 NĐ 58/2025",VB01;VB02,CẦN Ý KIẾN CƠ QUAN CÓ THẨM QUYỀN,Cao,Hiện tại,Chưa bắt đầu,Cao,TT-1.6;TT-3.1,TT-3.6,Ban PT&KD Sản phẩm mới,Ban Pháp chế,Liên doanh để thực hiện dự án đầu tiên phải giữ trên 50% vốn điều lệ,Cổng G3,Có,Petrovietnam,2026-10-05,Bản lưu trong Dự án PVEP – cần bổ sung liên kết chính thức
TT-3.5,Đấu thầu lựa chọn nhà đầu tư (khi áp dụng),3,5,"Đầu tư, đấu thầu",B,,phap_ly,Tham dự thầu khi dự án thuộc trường hợp phải đấu thầu,Hồ sơ mời thầu được phát hành,Hồ sơ dự thầu; tài liệu chứng minh điều kiện nhà đầu tư,Cơ quan có thẩm quyền theo pháp luật đấu thầu (CẦN XÁC MINH),Bên mua điện,Kết quả lựa chọn nhà đầu tư; hợp đồng dự án,Khoản 3 Điều 29 Luật Điện lực; Điều 29 NĐ 58/2025 (khoản 6 bị bãi bỏ bởi khoản 29 Điều 2 NĐ 243/2026); điểm h khoản 2 Điều 4 NĐ 274/2026; Luật 90/2025/QH15,VB01;VB02;VB03;VB10;VB09,CHƯA CÓ HƯỚNG DẪN CHI TIẾT,Trung bình,Chưa đến thời điểm,Chưa bắt đầu,Trung bình,TT-3.3,,Ban PT&KD Sản phẩm mới,Ban Pháp chế; Ban TC-KT,Trần giá không vượt mức tối đa khung giá phát điện ĐGNK năm đấu thầu,Cổng G3,Có,Cơ quan nhà nước,2026-10-05,Bản lưu trong Dự án PVEP – cần bổ sung liên kết chính thức
TT-3.6,"Rà soát điều kiện năng lực, vốn chủ sở hữu, kinh nghiệm, đối tác",3,2,"Đầu tư, đấu thầu",Chung,,von,Kiểm tra PVEP và đối tác đáp ứng điều kiện nhà đầu tư,Danh sách đối tác dự kiến,BCTC; tài liệu kinh nghiệm; cam kết tín dụng; thỏa thuận liên danh dự thảo,PVEP,Đối tác; ngân hàng,Bảng đánh giá điều kiện nhà đầu tư,Điều 28 NĐ 58/2025; khoản 20 Điều 2 NĐ 243/2026; Điều 8 NĐ 272/2026,VB02;VB03;VB05,CẦN Ý KIẾN CƠ QUAN CÓ THẨM QUYỀN,Cao,Hiện tại,Chưa bắt đầu,Cao,TT-1.6,TT-3.1;TT-3.4,Ban PT&KD Sản phẩm mới,Ban TC-KT; Ban Pháp chế,Kinh nghiệm dầu khí có được tính là “dự án năng lượng” (điểm b khoản 2 Điều 28 NĐ 58) cần ý kiến cơ quan thẩm định,TT-3.8; Cổng G3,Có,Cơ quan nhà nước,2026-10-05,Bản lưu trong Dự án PVEP – cần bổ sung liên kết chính thức
TT-3.7,"Lấy ý kiến bộ, ngành khi thẩm định chủ trương",3,5,"Hàng hải, quốc phòng – an ninh",Chung,,an_toan,"Đáp ứng điều kiện quốc phòng, an ninh, biển, hàng hải, dầu khí",Hồ sơ chủ trương đã nộp,Tài liệu giải trình theo yêu cầu,Cơ quan chủ trì thẩm định,BQP; BCA; BNG; Bộ NN&MT; Bộ Xây dựng; UBND tỉnh,Ý kiến thống nhất của các cơ quan,"Khoản 3 Điều 28 Luật Điện lực; khoản 7 Điều 9, khoản 4 Điều 10 NĐ 272/2026",VB01;VB05,ĐÃ XÁC MINH,Trung bình,Chưa đến thời điểm,Chưa bắt đầu,Trung bình,TT-3.2;TT-3.3,,Ban PT&KD Sản phẩm mới,Ban Pháp chế,Thời hạn cho ý kiến: CẦN XÁC MINH,Cổng G3,Không,,2026-10-05,Bản lưu trong Dự án PVEP – cần bổ sung liên kết chính thức
TT-3.8,"Quyết định nội bộ về liên danh, SPV hoặc góp vốn",3,2,Quản trị nội bộ,Chung,,von,"Phê duyệt phương án tham gia (độc lập, liên danh, SPV), tỷ lệ góp vốn, người đại diện",Kết quả TT-3.6,Phương án vốn; dự thảo thỏa thuận liên danh hoặc điều lệ SPV,Cấp có thẩm quyền Petrovietnam/PVEP (CẦN XÁC MINH),,Quyết định nội bộ về phương án tham gia,Quy chế nội bộ (CẦN XÁC MINH); khoản 2 Điều 30 NĐ 58/2025 (liên doanh dự án đầu tiên giữ trên 50% vốn điều lệ),VB25;VB02,CẦN XÁC MINH,Cao,Chưa đến thời điểm,Chưa bắt đầu,Cao,TT-3.6,TT-3.4,Ban PT&KD Sản phẩm mới,Ban TC-KT; Ban Pháp chế,Quyết định nội bộ khác với quyết định chấp thuận nhà đầu tư của cơ quan nhà nước,Cổng G3,Có,Petrovietnam,2026-10-05,Bản lưu trong Dự án PVEP – cần bổ sung liên kết chính thức
TT-4.1,Báo cáo nghiên cứu tiền khả thi/khả thi,4,4,Xây dựng,,Chung,xay_dung,Lập Pre-FS cho hồ sơ chủ trương và FS để phê duyệt,Chủ trương đầu tư (đối với FS),Kết quả khảo sát; thiết kế cơ sở; mô hình kinh tế,Chủ đầu tư; cơ quan thẩm định theo pháp luật xây dựng (CẦN XÁC MINH),Tư vấn,FS được phê duyệt,Khoản 1 Điều 11 NQ 253/2025; điểm a khoản 2 Điều 29 NĐ 58/2025; khoản 2 Điều 7 NĐ 272/2026; Luật Xây dựng (CẦN XÁC MINH),VB04;VB02;VB05;VB21,CẦN XÁC MINH,Trung bình,Chưa đến thời điểm,Chưa bắt đầu,Trung bình,TT-3.2;TT-3.5,TT-4.2;TT-4.3,Ban PT&KD Sản phẩm mới,Ban Kỹ thuật; Ban TC-KT,FS phải phê duyệt trong 24 tháng kể từ ký hợp đồng dự án (trường hợp trúng thầu),Cổng G4,Không,,2026-10-05,Bản lưu trong Dự án PVEP – cần bổ sung liên kết chính thức
TT-4.2,Khảo sát chi tiết phục vụ thiết kế,4,6,"Biển, khảo sát",,Ngoài khơi,khao_sat,"Thu thập dữ liệu gió, hải văn, địa vật lý, địa kỹ thuật, môi trường đủ cho thiết kế",Quyền thực hiện dự án,Phương án khảo sát chi tiết,Chủ đầu tư,Tư vấn khảo sát,Dữ liệu thiết kế,Điểm a khoản 6 Điều 26 Luật Điện lực; tiêu chuẩn quốc tế chỉ tham khảo,VB01;VB26,ĐÃ XÁC MINH,Trung bình,Chưa đến thời điểm,Chưa bắt đầu,Trung bình,TT-3.2;TT-3.5,TT-4.1,Ban Kỹ thuật,Ban PT&KD Sản phẩm mới,"Định mức, đơn giá khảo sát theo quốc tế khi trong nước chưa ban hành",TT-4.1; TT-4.3,Không,,2026-10-05,Bản lưu trong Dự án PVEP – cần bổ sung liên kết chính thức
TT-4.3,Đánh giá tác động môi trường và thủ tục môi trường,4,5,Môi trường,,Chung,moi_truong,Có quyết định phê duyệt kết quả thẩm định ĐTM hoặc thủ tục tương ứng,Dữ liệu khảo sát sinh thái,Báo cáo ĐTM; kế hoạch quan trắc,Bộ NN&MT (CẦN XÁC MINH),UBND tỉnh,Quyết định phê duyệt kết quả thẩm định,Luật Bảo vệ môi trường (CẦN XÁC MINH điều khoản); điểm e khoản 1 Điều 26 NĐ 58/2025,VB20;VB02,CẦN XÁC MINH,Cao,Chưa đến thời điểm,Chưa bắt đầu,Trung bình,TT-4.2,TT-4.1;TT-4.5,Ban Kỹ thuật – An toàn,Ban PT&KD Sản phẩm mới,"Dữ liệu sinh thái, chim di cư cần đủ mùa",Cổng G4,Không,,2026-10-05,Bản lưu trong Dự án PVEP – cần bổ sung liên kết chính thức
TT-4.4,Giao khu vực biển để thực hiện dự án,4,5,"Biển, khảo sát",,Ngoài khơi,ban_do,Được giao quyền sử dụng khu vực biển cho dự án,Chủ trương đầu tư; FS,"Hồ sơ giao biển; tọa độ, diện tích, thời hạn sử dụng",Cơ quan có thẩm quyền giao biển (CẦN XÁC MINH),BQP; BCA; Bộ Xây dựng; UBND tỉnh,Quyết định giao khu vực biển thực hiện dự án,"Điểm a, b khoản 2 Điều 28 Luật Điện lực; khoản 7 Điều 3 NĐ 243/2026 (định mức 05 ha/MW chuyển tiếp); Luật TN-MT biển và hải đảo; NĐ 11/2021 (CẦN XÁC MINH)",VB01;VB03;VB17;VB19,CẦN XÁC MINH,Cao,Chưa đến thời điểm,Chưa bắt đầu,Trung bình,TT-3.2;TT-3.5,TT-4.1,Ban PT&KD Sản phẩm mới,Ban Pháp chế; Ban TC-KT,Diện tích vượt định mức sẽ không được chấp thuận,Cổng G4,Có,Cơ quan nhà nước,2026-10-05,Bản lưu trong Dự án PVEP – cần bổ sung liên kết chính thức
TT-4.5,"Tuyến cáp biển, điểm tiếp bờ và phương án đấu nối",4,4,"Đấu nối, lưới điện",,Ngoài khơi,dau_noi,Thống nhất phương án đấu nối tại điểm gom,Điểm gom TT-1.2,Nghiên cứu đấu nối; tính toán hệ thống,Bộ Công Thương; đơn vị truyền tải (CẦN XÁC MINH),UBND tỉnh,Thỏa thuận đấu nối,"Khoản 2 Điều 3, khoản 3 Điều 12 NQ 253/2025; điểm c khoản 1 Điều 7 NĐ 272/2026; quy định về đấu nối (CẦN XÁC MINH)",VB04;VB05,CHƯA CÓ HƯỚNG DẪN CHI TIẾT,Cao,Chưa đến thời điểm,Chưa bắt đầu,Trung bình,TT-1.2,TT-4.3;TT-4.7,Ban Kỹ thuật,Ban PT&KD Sản phẩm mới,Lưới truyền tải chưa đồng bộ với tiến độ dự án,Cổng G4,Có,Cơ quan nhà nước,2026-10-05,Bản lưu trong Dự án PVEP – cần bổ sung liên kết chính thức
TT-4.6,"Thiết kế, thẩm định, giấy phép xây dựng hoặc thủ tục thay thế",4,6,Xây dựng,,Chung,xay_dung,Đủ điều kiện khởi công theo pháp luật xây dựng,FS được phê duyệt,Thiết kế kỹ thuật; hồ sơ thẩm định,Cơ quan chuyên môn về xây dựng (CẦN XÁC MINH),Tư vấn thẩm tra,Văn bản thẩm định; giấy phép hoặc miễn phép,Luật Xây dựng (CẦN XÁC MINH); điểm b khoản 6 Điều 26 Luật Điện lực,VB21;VB01,CẦN XÁC MINH,Trung bình,Chưa đến thời điểm,Chưa bắt đầu,Thấp,TT-4.1,TT-4.7,Ban Kỹ thuật,Ban PT&KD Sản phẩm mới,Tiêu chuẩn quốc tế được áp dụng khi trong nước chưa ban hành,Cổng G4,Không,,2026-10-05,Bản lưu trong Dự án PVEP – cần bổ sung liên kết chính thức
TT-4.7,"An toàn hàng hải, quốc phòng – an ninh, phối hợp quản lý dự án",4,5,"Hàng hải, quốc phòng – an ninh",,Ngoài khơi,an_toan,Có các chấp thuận chuyên ngành và hành lang an toàn công trình,FS; vị trí công trình,Hồ sơ an toàn hàng hải; phương án QP-AN,Bộ Xây dựng (hàng hải); BQP; BCA; BNG,Bộ NN&MT; UBND tỉnh,Văn bản chấp thuận chuyên ngành,"Điều 31 NĐ 58/2025; khoản 1, 2 Điều 26 Luật Điện lực; Bộ luật Hàng hải (CẦN XÁC MINH)",VB02;VB01;VB22,CẦN XÁC MINH,Trung bình,Chưa đến thời điểm,Chưa bắt đầu,Trung bình,TT-4.1,TT-4.5;TT-4.6,Ban Kỹ thuật – An toàn,Ban PT&KD Sản phẩm mới,Thủ tục cụ thể theo pháp luật hàng hải chưa rà soát,Cổng G4,Không,,2026-10-05,Bản lưu trong Dự án PVEP – cần bổ sung liên kết chính thức
TT-4.8,"Đất đai cho trạm biến áp, tuyến cáp trên bờ",4,5,Xây dựng,,Trên bờ,xay_dung,"Giao đất, cho thuê đất cho trạm biến áp, tuyến cáp trên bờ, căn cứ O&M",Chủ trương đầu tư,Hồ sơ đất đai,UBND tỉnh (CẦN XÁC MINH),Cơ quan chuyên ngành,Quyết định giao đất/cho thuê đất,Điểm b khoản 2 Điều 25 NĐ 58/2025 (miễn tiền đất trong XDCB); pháp luật đất đai (CẦN XÁC MINH),VB02,CẦN XÁC MINH,Trung bình,Chưa đến thời điểm,Chưa bắt đầu,Thấp,TT-3.2;TT-3.5,TT-4.9,Ban PT&KD Sản phẩm mới,Ban Pháp chế,"Phần trên bờ chịu thủ tục riêng, tách khỏi phần ngoài khơi",TT-4.9; Cổng G4,Không,,2026-10-05,Bản lưu trong Dự án PVEP – cần bổ sung liên kết chính thức
TT-4.9,"Cảng biển, căn cứ vận hành – bảo dưỡng (O&M)",4,6,Xây dựng,,Trên bờ,xay_dung,"Xác định cảng lắp ráp, căn cứ O&M và các thủ tục liên quan",Chủ trương đầu tư,Phương án cảng (đã nêu sơ bộ trong hồ sơ chủ trương),Cơ quan quản lý cảng biển; UBND tỉnh (CẦN XÁC MINH),,Phương án cảng và căn cứ O&M được chấp thuận,Khoản 1 Điều 7 NĐ 272/2026 (phương án cảng trong hồ sơ chủ trương); thủ tục cảng biển theo Bộ luật Hàng hải (CẦN XÁC MINH),VB05;VB22,CẦN XÁC MINH,Trung bình,Chưa đến thời điểm,Chưa bắt đầu,Thấp,TT-3.2;TT-3.5,TT-4.8,Ban Kỹ thuật,Ban PT&KD Sản phẩm mới,Năng lực cảng chuyên dụng trong nước cần đánh giá,Cổng G4,Không,,2026-10-05,Bản lưu trong Dự án PVEP – cần bổ sung liên kết chính thức
TT-5.1,Cơ chế giá điện và hợp đồng mua bán điện (PPA),5,7,"Giá điện, mua bán điện",,,von,Ký PPA với giá không vượt mức tối đa khung giá,Chủ trương/nhà đầu tư được chấp thuận,Hồ sơ đàm phán; mô hình tài chính,Tập đoàn Điện lực Việt Nam (bên mua),Bộ Công Thương,PPA được ký,"Khoản 3 Điều 29 Luật Điện lực; điểm b khoản 1, điểm b khoản 2 Điều 29 NĐ 58/2025; Điều 8, khoản 4 Điều 11 NQ 253/2025; khung giá ĐGNK (CẦN XÁC MINH)",VB01;VB02;VB04;VB24,CẦN XÁC MINH,Cao,Chưa đến thời điểm,Chưa bắt đầu,Cao,TT-3.2;TT-3.5,TT-5.3,Ban PT&KD Sản phẩm mới,Ban TC-KT; Ban Pháp chế,Thời hạn 30 tháng kể từ ký hợp đồng dự án (trúng thầu); giá trần có thể không đủ hiệu quả,Cổng G5,Có,Petrovietnam,2026-10-05,Bản lưu trong Dự án PVEP – cần bổ sung liên kết chính thức
TT-5.2,Áp dụng ưu đãi điện gió ngoài khơi,5,7,Tài chính,,,von,"Hưởng miễn, giảm tiền sử dụng biển, tiền đất; sản lượng hợp đồng tối thiểu 80%",Chủ trương trước 01/01/2031; thuộc 6.000 MW trong quy hoạch (dự án lên lưới),"Hồ sơ đề nghị miễn, giảm","Cơ quan thuế; cơ quan giao biển, giao đất",Bên mua điện,"Quyết định miễn, giảm; điều khoản PPA",Khoản 3 Điều 26 Luật Điện lực; Điều 25 NĐ 58/2025,VB01;VB02,ĐÃ XÁC MINH,Trung bình,Chưa đến thời điểm,Chưa bắt đầu,Trung bình,TT-3.2;TT-3.3,TT-5.1,Ban TC-KT,Ban PT&KD Sản phẩm mới,Không hưởng sản lượng tối thiểu khi không phát đủ do nguyên nhân từ phía dự án,Cổng G5,Không,,2026-10-05,Bản lưu trong Dự án PVEP – cần bổ sung liên kết chính thức
TT-5.3,"Phương án huy động vốn, bảo lãnh, tín dụng",5,7,Tài chính,,,von,Bảo đảm vốn chủ sở hữu và cam kết tín dụng,Mô hình tài chính,Term sheet; cam kết tín dụng,Cấp có thẩm quyền của doanh nghiệp; Thủ tướng (tín dụng vượt giới hạn),Ngân hàng,Hợp đồng tín dụng,Khoản 4 Điều 26 Luật Điện lực; điểm a khoản 1 Điều 8 NĐ 272/2026; quy chế nội bộ (CẦN XÁC MINH),VB01;VB05;VB25,CẦN Ý KIẾN CƠ QUAN CÓ THẨM QUYỀN,Cao,Chưa đến thời điểm,Chưa bắt đầu,Cao,TT-4.1,TT-5.1;TT-5.4,Ban TC-KT,Ban PT&KD Sản phẩm mới,Áp dụng miễn bảo đảm thực hiện dự án cho SPV có vốn PVN/PVEP cần ý kiến,Cổng G5,Có,Petrovietnam,2026-10-05,Bản lưu trong Dự án PVEP – cần bổ sung liên kết chính thức
TT-5.4,"Hợp đồng EPC/EPCI, tua-bin, vận chuyển – lắp đặt, O&M, bảo hiểm",5,7,"Kỹ thuật, kinh tế",,,xay_dung,Lựa chọn nhà thầu và phân bổ rủi ro hợp đồng,FS; kế hoạch lựa chọn nhà thầu,"Hồ sơ mời thầu, hợp đồng mẫu",Chủ đầu tư,"Tư vấn pháp lý, kỹ thuật",Hợp đồng được ký,Điểm đ khoản 1 Điều 28 NĐ 58/2025 (cam kết nội địa); khoản 6 Điều 26 Luật Điện lực,VB02;VB01,NGHIỆP VỤ NỘI BỘ,Trung bình,Chưa đến thời điểm,Chưa bắt đầu,Trung bình,TT-4.1,TT-5.3,Ban Thương mại,Ban Kỹ thuật; Ban Pháp chế,Quản lý giao diện giữa nhiều hợp đồng,Cổng G5,Không,,2026-10-05,Bản lưu trong Dự án PVEP – cần bổ sung liên kết chính thức
TT-5.5,Quyết định đầu tư nội bộ (FID),5,7,Quản trị nội bộ,,,von,Ra quyết định đầu tư khi đủ điều kiện tối thiểu,PPA; đấu nối; FS; nguồn vốn,Tờ trình FID; mô hình tài chính; sổ đăng ký rủi ro,Cấp có thẩm quyền PVN/PVEP (CẦN XÁC MINH),Các ban,Quyết định đầu tư,Quy chế phân cấp đầu tư PVN/PVEP (CẦN XÁC MINH),VB25,CẦN XÁC MINH,Cao,Chưa đến thời điểm,Chưa bắt đầu,Cao,TT-5.1;TT-5.3;TT-4.3;TT-4.4;TT-4.5,,Ban TC-KT,Toàn bộ các ban,Thiếu PPA khả thi về ngân hàng,Cổng G5,Có,Petrovietnam,2026-10-05,Bản lưu trong Dự án PVEP – cần bổ sung liên kết chính thức
TT-5.6,"Thủ tục thi công ngoài khơi, cảng biển, logistics, quản lý chất lượng",5,8,"Hàng hải, quốc phòng – an ninh",,,an_toan,Đủ điều kiện triển khai thi công trên biển,Hợp đồng EPC,"Kế hoạch thi công, HSE, phương án hàng hải",Bộ Xây dựng (hàng hải); Cảng vụ (CẦN XÁC MINH),BQP; BCA,Văn bản chấp thuận thi công,Bộ luật Hàng hải (CẦN XÁC MINH); Điều 31 NĐ 58/2025,VB22;VB02,CẦN XÁC MINH,Trung bình,Chưa đến thời điểm,Chưa bắt đầu,Thấp,TT-5.5;TT-4.6;TT-4.7,,Ban Kỹ thuật – An toàn,Ban Thương mại,"Cảng, tàu lắp đặt chuyên dụng hạn chế",Cổng G5,Không,,2026-10-05,Bản lưu trong Dự án PVEP – cần bổ sung liên kết chính thức
TT-6.1,"Nghiệm thu, thử nghiệm, đóng điện, vận hành thương mại",6,8,"Đấu nối, lưới điện",,,van_hanh,Đưa công trình vào vận hành,Hoàn thành xây dựng,Hồ sơ nghiệm thu; thử nghiệm,Cơ quan chuyên môn xây dựng; đơn vị điều độ (CẦN XÁC MINH),Bên mua điện,Biên bản nghiệm thu; ngày vận hành thương mại,Pháp luật xây dựng và hệ thống điện (CẦN XÁC MINH),VB21,CẦN XÁC MINH,Trung bình,Chưa đến thời điểm,Chưa bắt đầu,Thấp,TT-5.6,,Ban Kỹ thuật,Ban PT&KD Sản phẩm mới,,TT-6.2,Không,,2026-10-05,Bản lưu trong Dự án PVEP – cần bổ sung liên kết chính thức
TT-6.2,Giấy phép hoạt động điện lực lĩnh vực phát điện,6,9,"Điện lực, năng lượng tái tạo",,,phap_ly,Được cấp giấy phép phát điện,Công trình nghiệm thu,Hồ sơ cấp phép (CẦN XÁC MINH thành phần),Bộ Công Thương,,Giấy phép hoạt động điện lực,"Khoản 3 Điều 30, khoản 2 Điều 31, khoản 1 Điều 37 Luật Điện lực",VB01,ĐÃ XÁC MINH,Trung bình,Chưa đến thời điểm,Chưa bắt đầu,Thấp,TT-6.1,,Ban Kỹ thuật,Ban Pháp chế,Không cấp giấy phép cho giai đoạn đầu tư,TT-6.3,Không,,2026-10-05,Bản lưu trong Dự án PVEP – cần bổ sung liên kết chính thức
TT-6.3,Báo cáo số liệu vận hành định kỳ,6,9,"Điện lực, năng lượng tái tạo",,,du_lieu,Tuân thủ chế độ báo cáo,Nhà máy vận hành,"Số liệu năng lượng sơ cấp, sản lượng",Bộ Công Thương,,Báo cáo trước 10/12 hằng năm,Điểm b khoản 2 Điều 7 NĐ 58/2025 (sửa bởi khoản 2 Điều 2 NĐ 243/2026),VB02;VB03,ĐÃ XÁC MINH,Thấp,Chưa đến thời điểm,Chưa bắt đầu,Thấp,TT-6.2,TT-6.4,Ban Kỹ thuật,Ban PT&KD Sản phẩm mới,"Áp dụng cho dự án do Quốc hội, Thủ tướng chấp thuận chủ trương",Cổng G6,Không,,2026-10-05,Bản lưu trong Dự án PVEP – cần bổ sung liên kết chính thức
TT-6.4,"Quản lý an toàn, môi trường, dữ liệu vận hành, bảo dưỡng",6,9,Vận hành,,,van_hanh,"Vận hành an toàn, tuân thủ quốc phòng – an ninh và an toàn thông tin",Nhà máy vận hành,Quy trình vận hành; kế hoạch O&M,Chủ đầu tư,BCT; BQP; BCA; Bộ NN&MT; Bộ Xây dựng,Hồ sơ tuân thủ,Điều 31 NĐ 58/2025; điểm b khoản 1 Điều 26 Luật Điện lực (dữ liệu ra khỏi biên giới),VB02;VB01,ĐÃ XÁC MINH,Trung bình,Chưa đến thời điểm,Chưa bắt đầu,Thấp,TT-6.1,TT-6.3,Ban Kỹ thuật – An toàn,Ban CNTT,Dữ liệu chuyển ra nước ngoài phải theo quy định pháp luật,Cổng G6,Không,,2026-10-05,Bản lưu trong Dự án PVEP – cần bổ sung liên kết chính thức
TT-6.5,"Chuyển nhượng dự án, cổ phần, phần vốn góp",6,9,"Đầu tư, đấu thầu",,,nha_dau_tu,Chuyển nhượng hợp lệ khi tái cơ cấu danh mục,Có nhu cầu chuyển nhượng,Hồ sơ chuyển nhượng,Cơ quan đăng ký đầu tư (CẦN XÁC MINH),BQP; BCA; BNG; BCT (khi có yếu tố nước ngoài),Chuyển nhượng được chấp thuận,Khoản 8 Điều 26 Luật Điện lực; Điều 32 NĐ 58/2025,VB01;VB02,ĐÃ XÁC MINH,Trung bình,Chưa đến thời điểm,Chưa bắt đầu,Thấp,TT-3.2;TT-3.5,,Ban PT&KD Sản phẩm mới,Ban Pháp chế,DN 100% vốn nhà nước hoặc đơn vị thành viên có quyền ưu tiên mua trước,Cổng G6,Không,,2026-10-05,Bản lưu trong Dự án PVEP – cần bổ sung liên kết chính thức
TT-6.6,"Tháo dỡ, thu dọn, hoàn trả khu vực biển",6,10,Môi trường,,,moi_truong,Hoàn thành tháo dỡ và khôi phục môi trường,Chấm dứt hoạt động,Phương án tháo dỡ; quỹ dự phòng,Chủ sở hữu,Cơ quan quản lý môi trường,Hoàn thành tháo dỡ,Điều 25 Luật Điện lực; khoản 2 Điều 8 NĐ 58/2025. Hoán cải công trình: CẦN XÁC MINH,VB01;VB02,ĐÃ XÁC MINH,Trung bình,Chưa đến thời điểm,Chưa bắt đầu,Thấp,TT-6.1,,Ban TC-KT,Ban Kỹ thuật – An toàn,Thời hạn tháo dỡ tối đa 05 năm (nhóm A trở lên) hoặc 03 năm,Cổng G6,Không,,2026-10-05,Bản lưu trong Dự án PVEP – cần bổ sung liên kết chính thức
