ma_vb,so_ky_hieu,ten_van_ban,loai,co_quan_ban_hanh,ngay_ban_hanh,ngay_hieu_luc,tinh_trang_hieu_luc,sua_doi_thay_the,nhom_chu_de,lien_ket_chinh_thuc,nguon_kiem_chung,trang_thai_xac_minh,ngay_kiem_chung,ghi_chu,ngay_doi_chieu_nguon,cap_van_ban,quy_dinh_chi_tiet_cho,sua_doi_cho,ap_dung_uu_tien_cho
VB01,61/2024/QH15,Luật Điện lực,Luật,Quốc hội,2024-11-30,2025-02-01,Còn hiệu lực – đã được sửa đổi,"Sửa đổi bởi Luật 94/2025/QH15, Luật 116/2025/QH15, Luật Xây dựng 135/2025/QH15 (theo VBHN 07/VBHN-VPQH, nguồn thứ cấp) – CẦN XÁC MINH phạm vi sửa đổi đối với Điều 26–29","Điện lực, năng lượng tái tạo",https://vietlaw.quochoi.vn/vanban/Lists/VBPQConvert/Attachments/29391/D33_L61_Luat%20Dien%20luc___20241218093407.doc,Bản Công báo số 1531+1532 ngày 30/12/2024 trong Dự án,ĐÃ XÁC MINH,2026-10-05,Liên kết là văn bản gốc trên Cơ sở dữ liệu luật Việt Nam của Quốc hội; chưa có bản hợp nhất chính thức trong bộ tài liệu,2026-10-05,1,,,
VB02,58/2025/NĐ-CP,"Nghị định quy định chi tiết một số điều của Luật Điện lực về phát triển điện năng lượng tái tạo, điện năng lượng mới",Nghị định,Chính phủ,2025-03-03,2025-03-03,Còn hiệu lực – đã được sửa đổi,"Sửa đổi, bổ sung bởi NĐ 243/2026/NĐ-CP","Điện lực, năng lượng tái tạo",,Bản lưu trong Dự án PVEP – cần bổ sung liên kết chính thức,ĐÃ XÁC MINH,2026-10-05,Hiệu lực kể từ ngày ký (Điều 40),,2,VB01,,
VB03,243/2026/NĐ-CP,"Nghị định sửa đổi, bổ sung một số điều của NĐ 57/2025/NĐ-CP và NĐ 58/2025/NĐ-CP",Nghị định,Chính phủ,2026-06-26,2026-06-26,Còn hiệu lực,,"Điện lực, năng lượng tái tạo",https://moit.gov.vn/van-ban-phap-luat/nghi-dinh-sua-doi-bo-sung-mot-so-dieu-cua-nghi-dinh-so-57-2025-nd-cp-ngay-03-thang-3-nam-2025-cua-chinh-phu-quy-dinh-co-.html,Bản Công báo số 380 ngày 10/07/2026 trong Dự án,ĐÃ XÁC MINH,2026-10-05,Liên kết trên Cổng TTĐT Bộ Công Thương,2026-10-05,2,,VB02;VB14,
VB04,253/2025/QH15,"Nghị quyết về các cơ chế, chính sách phát triển năng lượng quốc gia giai đoạn 2026–2030",Nghị quyết,Quốc hội,2025-12-11,2026-03-01,Còn hiệu lực – thực hiện đến 31/12/2030,,"Điện lực, năng lượng tái tạo",https://vbpl.vn/TW/Lists/vbpq/Attachments/186009/Nq%20253.docx,Bản lưu trong Dự án PVEP – cần bổ sung liên kết chính thức,ĐÃ XÁC MINH,2026-10-05,Khoản 2 Điều 16: thực hiện đến hết 31/12/2030,2026-10-05,1,,,VB01
VB05,272/2026/NĐ-CP,Nghị định quy định chi tiết một số điều và biện pháp thi hành NQ 253/2025/QH15,Nghị định,Chính phủ,2026-07-04,2026-07-04,Còn hiệu lực – đến 31/12/2030,,"Điện lực, năng lượng tái tạo",,Bản scan trong Dự án (đã OCR),CẦN XÁC MINH,2026-10-05,"Nội dung trích từ OCR, cần đối chiếu nguyên văn",,2,VB04,,
VB06,10/2026/QH16,Luật Dầu khí,Luật,Quốc hội,2026-08-23,2027-03-01,Chưa có hiệu lực,Thay thế Luật Dầu khí 12/2022/QH15 từ 01/03/2027,Dầu khí,,Bản ký số trong Dự án (đã OCR),CẦN XÁC MINH,2026-10-05,Điều 52: công trình năng lượng ngoài khơi gắn hoạt động dầu khí,,1,,VB07,
VB07,12/2022/QH15,Luật Dầu khí (hiện hành),Luật,Quốc hội,,,Còn hiệu lực đến 28/02/2027,Bị thay thế bởi Luật 10/2026/QH16,Dầu khí,,Chưa có bản trong Dự án,CẦN XÁC MINH,,"Cần xác minh ngày ban hành, hiệu lực và quy định tương đương Điều 52",,1,,,
VB08,57/2024/QH15,"Luật sửa đổi, bổ sung một số điều của Luật Quy hoạch, Luật Đầu tư, Luật Đầu tư theo phương thức đối tác công tư và Luật Đấu thầu",Luật,Quốc hội,2024-11-29,2025-01-15,Còn hiệu lực,,"Đầu tư, đấu thầu",,Bản lưu trong Dự án PVEP – cần bổ sung liên kết chính thức,ĐÃ XÁC MINH,2026-10-05,Hiệu lực từ 15/01/2025; một số quy định từ 01/07/2025 (Điều 3 khoản 2–4),,1,,,
VB09,90/2025/QH15,"Luật sửa đổi, bổ sung một số điều của Luật Đấu thầu, Luật Đầu tư theo phương thức đối tác công tư, Luật Hải quan, Luật Thuế GTGT, Luật Thuế XNK, Luật Đầu tư, Luật Đầu tư công, Luật Quản lý, sử dụng tài sản công",Luật,Quốc hội,2025-06-25,2025-07-01,Còn hiệu lực,,"Đầu tư, đấu thầu",,Bản lưu trong Dự án PVEP – cần bổ sung liên kết chính thức,ĐÃ XÁC MINH,2026-10-05,"Điều 34 khoản 2a, Điều 34a Luật Đấu thầu (sửa đổi) đã đối chiếu",,1,,,
VB10,274/2026/NĐ-CP,Nghị định quy định chi tiết Luật Đấu thầu về lựa chọn nhà đầu tư thực hiện dự án đầu tư kinh doanh,Nghị định,Chính phủ,2026-07-07,2026-08-21,Còn hiệu lực,,"Đầu tư, đấu thầu",,Bản trong Dự án (tên tệp ghi nhầm “247-2026”),ĐÃ XÁC MINH,2026-10-05,,,2,VB08;VB09,,
VB11,768/QĐ-TTg,"Quyết định phê duyệt điều chỉnh Quy hoạch phát triển điện lực quốc gia thời kỳ 2021–2030, tầm nhìn 2050",Quyết định,Thủ tướng Chính phủ,2025-04-15,,Cần xác minh,,Quy hoạch,,"Tệp trong Dự án bị lỗi, chưa đọc được",CẦN XÁC MINH,,"Cần đối chiếu danh mục, quy mô, giai đoạn vận hành ĐGNK",,3,,,
VB12,138/QĐ-BNNMT,Quyết định giao khu vực biển cho PVN để khảo sát dự án ĐGNK Nam Trung Bộ 1,Quyết định cá biệt,Bộ Nông nghiệp và Môi trường,2026-01-14,2026-01-14,Còn hiệu lực – thời hạn 36 tháng,,"Biển, khảo sát",,Bản lưu trong Dự án PVEP – cần bổ sung liên kết chính thức,ĐÃ XÁC MINH,2026-10-05,"Văn bản cá biệt, dùng làm tiền lệ",,4,,,
VB13,435/BNNMT-BHĐ,"Công văn giao EVN khảo sát dự án ĐGNK Bắc Bộ 1.3, 1.4 trước khi lựa chọn nhà đầu tư",Công văn,Bộ Nông nghiệp và Môi trường,2026-01-14,,Văn bản hành chính,,"Biển, khảo sát",,Bản lưu trong Dự án PVEP – cần bổ sung liên kết chính thức,ĐÃ XÁC MINH,2026-10-05,Tiền lệ đối chiếu,,4,,,
VB14,57/2025/NĐ-CP,Nghị định quy định cơ chế mua bán điện trực tiếp giữa đơn vị phát điện năng lượng tái tạo và khách hàng sử dụng điện lớn,Nghị định,Chính phủ,2025-03-03,,Còn hiệu lực – đã được sửa đổi,"Sửa đổi, bổ sung bởi NĐ 243/2026/NĐ-CP","Giá điện, mua bán điện",,Bản lưu trong Dự án PVEP – cần bổ sung liên kết chính thức,CẦN XÁC MINH,2026-10-05,Chưa rà soát chi tiết cho ĐGNK,,2,VB01,,
VB15,56/2025/NĐ-CP,Nghị định quy định chi tiết một số điều của Luật Điện lực về quy hoạch phát triển điện lực,Nghị định,Chính phủ,2025-03-03,,Còn hiệu lực – đã được sửa đổi,"Sửa đổi, bổ sung bởi NĐ 100/2025/NĐ-CP (cần xác minh ngày)",Quy hoạch,,Bản lưu trong Dự án PVEP – cần bổ sung liên kết chính thức,CẦN XÁC MINH,2026-10-05,Chưa rà soát chi tiết,,2,VB01,,
VB16,143/2025/QH15,Luật Đầu tư,Luật,Quốc hội,,,Cần xác minh,,"Đầu tư, đấu thầu",,Được dẫn chiếu tại NĐ 243/2026 và NĐ 272/2026; chưa có bản trong Dự án,CẦN XÁC MINH,,"Là căn cứ ban hành NĐ 272/2026 (theo dự thảo trên Cổng TTĐT Bộ Công Thương); cần bổ sung ngày ban hành, hiệu lực",,1,,,
VB17,82/2015/QH13,"Luật Tài nguyên, môi trường biển và hải đảo",Luật,Quốc hội,2015-06-25,,Còn hiệu lực – đã được sửa đổi,"Sửa đổi bởi Luật 35/2018/QH14, 61/2024/QH15, 146/2025/QH15 (theo căn cứ NĐ 272/2026)","Biển, khảo sát",,Chưa có bản trong Dự án,CẦN XÁC MINH,,Giao khu vực biển,,1,,,
VB18,18/2012/QH13,Luật Biển Việt Nam,Luật,Quốc hội,2012-06-21,,Cần xác minh,,"Biển, khảo sát",,Chưa có bản trong Dự án,CẦN XÁC MINH,,,,1,,,
VB19,11/2021/NĐ-CP,"Nghị định quy định việc giao các khu vực biển nhất định cho tổ chức, cá nhân khai thác, sử dụng tài nguyên biển",Nghị định,Chính phủ,2021-02-10,,Còn hiệu lực – đã được sửa đổi,Sửa đổi bởi NĐ 65/2025/NĐ-CP ngày 12/03/2025,"Biển, khảo sát",,Được dẫn chiếu tại QĐ 138/QĐ-BNNMT; chưa có bản trong Dự án,CẦN XÁC MINH,,Trình tự giao khu vực biển,,2,VB17,,
VB20,72/2020/QH14,Luật Bảo vệ môi trường,Luật,Quốc hội,,,Cần xác minh,,Môi trường,,Chưa có bản trong Dự án,CẦN XÁC MINH,,"ĐTM, giấy phép môi trường",,1,,,
VB21,135/2025/QH15,Luật Xây dựng,Luật,Quốc hội,2025-12-10,2026-07-01,Còn hiệu lực,,Xây dựng,,Thông tin từ VBHN 07/VBHN-VPQH qua nguồn thứ cấp; chưa có văn bản gốc trong bộ tài liệu,CẦN XÁC MINH,,"Cần xác minh bằng văn bản gốc; thẩm định FS, thiết kế, giấy phép xây dựng",,1,,,
VB22,95/2015/QH13,Bộ luật Hàng hải Việt Nam,Luật,Quốc hội,,,Cần xác minh,,"Hàng hải, quốc phòng – an ninh",,Chưa có bản trong Dự án,CẦN XÁC MINH,,"An toàn hàng hải, thi công trên biển",,1,,,
VB23,79/2025/TT-BNNMT,Thông tư của Bộ Nông nghiệp và Môi trường (nêu trong yêu cầu nghiệp vụ),Thông tư,Bộ Nông nghiệp và Môi trường,,,Cần xác minh,,"Biển, khảo sát",,Chưa có bản trong Dự án,CẦN XÁC MINH,,"Cần xác minh tên, nội dung, hiệu lực",,3,,,
VB24,Cần xác minh,Khung giá phát điện cho loại hình điện gió ngoài khơi,Quyết định,Bộ Công Thương,,,Cần xác minh,,"Giá điện, mua bán điện",,Chưa có bản trong Dự án,CẦN XÁC MINH,,Trần giá đấu thầu và đàm phán PPA,,3,,,
VB25,Nội bộ,"Điều lệ, quy chế phân cấp đầu tư, quản trị vốn, hợp tác đầu tư của Petrovietnam/PVEP",Quy định nội bộ,Petrovietnam/PVEP,,,Cần xác minh,,Quản trị nội bộ,,Chưa có bản trong Dự án,CẦN XÁC MINH,,"Thẩm quyền chủ trương, FID, góp vốn",,5,,,
VB26,IEC 61400-3-1; DNV-ST-0126,Tiêu chuẩn thiết kế tua-bin gió ngoài khơi và kết cấu đỡ,Tài liệu tham khảo kỹ thuật,IEC; DNV,,,Tham khảo kỹ thuật,,Tài liệu tham khảo kỹ thuật,,Không phải căn cứ pháp lý,THAM KHẢO KỸ THUẬT,,"Chỉ áp dụng khi trong nước chưa ban hành (điểm a, b khoản 6 Điều 26 Luật Điện lực); không thay thế điều kiện pháp lý",,5,,,
